Station,Date,Time,Precip,type,Air max,min,obs,Wx,Wind dir,speed,Bulb wet,dry,Soil max,min,Evap,Solar,ETo,RH max,min,
POMONA.A,19890101,2359,0.01,,68,42,,,,,,,53,51,,226,,,
POMONA.A,19890102,2359,0.13,,66,43,,,,,,,53,52,,192,,,
POMONA.A,19890103,2359,0.14,,65,42,,,,,,,53,52,,206,,,
POMONA.A,19890104,2359,0.32,,66,41,,,,,,,54,51,,222,,,
POMONA.A,19890105,2359,0.16,,68,42,,,,,,,54,51,,234,,,
POMONA.A,19890106,2359,0.24,,68,42,,,,,,,54,51,,251,,,
POMONA.A,19890107,2359,0.25,,68,43,,,,,,,54,51,,225,,,
POMONA.A,19890108,2359,0.13,,68,43,,,,,,,54,51,,222,,,
POMONA.A,19890109,2359,0.31,,67,44,,,,,,,53,51,,223,,,
POMONA.A,19890110,2359,0.32,,68,44,,,,,,,54,51,,227,,,
POMONA.A,19890111,2359,0.12,,69,43,,,,,,,53,51,,234,,,
POMONA.A,19890112,2359,0.12,,67,42,,,,,,,53,51,,225,,,
POMONA.A,19890113,2359,0.1,,69,43,,,,,,,53,51,,234,,,
POMONA.A,19890114,2359,0.05,,69,42,,,,,,,54,51,,253,,,
POMONA.A,19890115,2359,0.1,,68,43,,,,,,,53,51,,233,,,
POMONA.A,19890116,2359,0.1,,67,42,,,,,,,53,51,,245,,,
POMONA.A,19890117,2359,0.06,,69,42,,,,,,,53,51,,270,,,
POMONA.A,19890118,2359,0.16,,68,42,,,,,,,54,51,,253,,,
POMONA.A,19890119,2359,0.06,,67,42,,,,,,,53,51,,250,,,
POMONA.A,19890120,2359,0.11,,67,42,,,,,,,54,51,,261,,,
POMONA.A,19890121,2359,0.12,,67,42,,,,,,,54,51,,248,,,
POMONA.A,19890122,2359,0.05,,68,42,,,,,,,54,52,,267,,,
POMONA.A,19890123,2359,0.11,,69,43,,,,,,,54,51,,264,,,
POMONA.A,19890124,2359,0.1,,68,43,,,,,,,54,51,,257,,,
POMONA.A,19890125,2359,0.13,,66,44,,,,,,,54,52,,232,,,
POMONA.A,19890126,2359,0.15,,65,43,,,,,,,53,52,,261,,,
POMONA.A,19890127,2359,0.1,,65,42,,,,,,,53,51,,273,,,
POMONA.A,19890128,2359,0.04,,65,41,,,,,,,53,51,,261,,,
POMONA.A,19890129,2359,0.03,,67,41,,,,,,,53,51,,283,,,
POMONA.A,19890130,2359,0.02,,69,42,,,,,,,53,51,,304,,,
POMONA.A,19890131,2359,0.08,,68,42,,,,,,,53,51,,289,,,
POMONA.A,19890201,2359,0.02,,69,42,,,,,,,54,51,,301,,,
POMONA.A,19890202,2359,0.04,,70,42,,,,,,,54,52,,289,,,
POMONA.A,19890203,2359,0.11,,71,42,,,,,,,54,52,,284,,,
POMONA.A,19890204,2359,0.06,,70,43,,,,,,,55,52,,293,,,
POMONA.A,19890205,2359,0.07,,69,44,,,,,,,55,53,,281,,,
POMONA.A,19890206,2359,0.34,,69,44,,,,,,,55,53,,279,,,
POMONA.A,19890207,2359,0.27,,67,44,,,,,,,55,53,,260,,,
POMONA.A,19890208,2359,0.12,,66,43,,,,,,,55,53,,283,,,
POMONA.A,19890209,2359,0.11,,67,42,,,,,,,55,53,,303,,,
POMONA.A,19890210,2359,0.08,,66,41,,,,,,,55,52,,308,,,
POMONA.A,19890211,2359,0.24,,66,43,,,,,,,55,53,,285,,,
POMONA.A,19890212,2359,0.37,,67,43,,,,,,,56,53,,288,,,
POMONA.A,19890213,2359,0.16,,66,44,,,,,,,56,53,,282,,,
POMONA.A,19890214,2359,0.16,,66,43,,,,,,,56,53,,316,,,
POMONA.A,19890215,2359,0.05,,66,42,,,,,,,56,53,,304,,,
POMONA.A,19890216,2359,0.08,,65,43,,,,,,,56,53,,277,,,
POMONA.A,19890217,2359,0.08,,65,43,,,,,,,56,53,,284,,,
POMONA.A,19890218,2359,0.23,,64,43,,,,,,,56,54,,278,,,
POMONA.A,19890219,2359,0.31,,65,44,,,,,,,56,53,,287,,,
POMONA.A,19890220,2359,0.21,,66,44,,,,,,,56,53,,301,,,
POMONA.A,19890221,2359,0.18,,65,44,,,,,,,56,53,,296,,,
POMONA.A,19890222,2359,0.24,,67,44,,,,,,,56,53,,313,,,
POMONA.A,19890223,2359,0.25,,67,43,,,,,,,55,53,,308,,,
POMONA.A,19890224,2359,0.07,,67,43,,,,,,,55,53,,345,,,
POMONA.A,19890225,2359,0.16,,66,43,,,,,,,55,53,,309,,,
POMONA.A,19890226,2359,0.11,,67,44,,,,,,,55,53,,328,,,
POMONA.A,19890227,2359,0.31,,64,44,,,,,,,55,53,,260,,,
POMONA.A,19890228,2359,0.11,,66,43,,,,,,,56,53,,357,,,
POMONA.A,19890301,2359,0.07,,67,44,,,,,,,56,53,,329,,,
POMONA.A,19890302,2359,0.09,,67,44,,,,,,,56,54,,348,,,
POMONA.A,19890303,2359,0.06,,66,44,,,,,,,56,54,,306,,,
POMONA.A,19890304,2359,0.09,,65,45,,,,,,,57,55,,285,,,
POMONA.A,19890305,2359,0.18,,67,45,,,,,,,57,55,,323,,,
POMONA.A,19890306,2359,0.09,,67,44,,,,,,,57,55,,378,,,
POMONA.A,19890307,2359,0.03,,70,44,,,,,,,57,55,,403,,,
POMONA.A,19890308,2359,0.05,,69,44,,,,,,,58,55,,411,,,
POMONA.A,19890309,2359,0.01,,71,46,,,,,,,58,55,,387,,,
POMONA.A,19890310,2359,0.05,,70,44,,,,,,,58,56,,394,,,
POMONA.A,19890311,2359,0.12,,71,45,,,,,,,58,55,,405,,,
POMONA.A,19890312,2359,0.02,,71,45,,,,,,,58,55,,421,,,
POMONA.A,19890313,2359,0.08,,69,47,,,W,4,,,58,55,,424,,,
POMONA.A,19890314,2359,0.01,,71,47,,,W,3,,,59,56,,360,0.11,100,44.9
POMONA.A,19890315,2359,0.17,,72,46,,,NW,3,,,59,56,,453,0.14,100,51
POMONA.A,19890316,2359,0.04,,64,45,,,W,4,,,59,56,,275,0.08,99.9,60.8
POMONA.A,19890317,2359,0.02,,68,45,,,NW,3,,,59,56,,453,0.13,100,43
POMONA.A,19890318,2359,0.03,,74,44,,,NW,3,,,60,57,,461,0.15,100,38.5
POMONA.A,19890319,2359,0.08,,76,46,,,NW,4,,,60,57,,483,0.16,97.2,39.5
POMONA.A,19890320,2359,0.11,,85,47,,,W,3,,,60,57,,518,0.19,100,11.1
POMONA.A,19890321,2359,0.08,,83,47,,,E,3,,,60,57,,536,0.22,37.5,11.1
POMONA.A,19890322,2359,0.11,,78,47,,,W,3,,,60,57,,514,,99.8,36.1
POMONA.A,19890323,2359,0.05,,71,46,,,NW,4,,,60,57,,472,0.14,100,42.6
POMONA.A,19890324,2359,0.04,,67,54,,,NW,4,,,60,57,,346,0.12,94.6,50.4
POMONA.A,19890325,2359,0.15,,64,50,,,NW,4,,,60,57,,124,0.03,99.5,81.3
POMONA.A,19890326,2359,0.11,,64,43,,,NW,3,,,60,57,,483,0.13,100,42.5
POMONA.A,19890327,2359,0.04,,67,41,,,NW,3,,,60,57,,406,0.15,100,41.5
POMONA.A,19890328,2359,0.09,,73,44,,,NW,3,,,60,57,,512,0.16,100,42.8
POMONA.A,19890329,2359,0.02,,74,45,,,NW,3,,,60,57,,520,0.15,100,53
POMONA.A,19890330,2359,0,,83,46,,,W,3,,,60,57,,521,0.16,99.6,31.5
POMONA.A,19890331,2359,0.03,,87,51,,,W,3,,,61,58,,529,0.2,99,14.6
POMONA.A,19890401,2359,0.07,,76,48,,,W,3,,,72,62,,498,0.16,99.6,41.5
POMONA.A,19890402,2359,0,,76,47,,,W,3,,,72,60,,547,0.17,100,45.3
POMONA.A,19890403,2359,0.01,,79,47,,,NW,3,,,72,60,,546,0.17,100,37.3
POMONA.A,19890404,2359,0.08,,97,52,,,E,2,,,76,62,,593,0.23,93.5,8.5
POMONA.A,19890405,2359,0.04,,101,57,,,E,3,,,77,63,,605,0.26,37.9,7.8
POMONA.A,19890406,2359,0.02,,104,59,,,,,,,79,65,,611,0.27,,
POMONA.A,19890407,2359,0.06,,98,58,,,NW,4,,,77,66,,595,0.27,58.1,8.5
POMONA.A,19890408,2359,0.01,,90,55,,,NW,3,,,78,66,,582,0,93.7,14.2
POMONA.A,19890409,2359,0.01,,79,52,,,NW,4,,,76,66,,552,0.18,99,44.1
POMONA.A,19890410,2359,0,,78,57,,,NW,4,,,75,67,,503,0.16,97.6,48.2
POMONA.A,19890411,2359,0.04,,72,47,,,W,4,,,70,66,,107,0.03,98.2,88.3
POMONA.A,19890412,2359,0.03,,61,50,,,NW,4,,,66,65,,100,0.03,100,89
POMONA.A,19890413,2359,0,,76,52,,,NW,5,,,72,64,,449,0.14,97,49.7
POMONA.A,19890414,2359,0,,74,56,,,NW,4,,,72,65,,430,0.14,93.6,55.3
POMONA.A,19890415,2359,0,,74,49,,,NW,4,,,73,65,,430,0.13,99.2,53.6
POMONA.A,19890416,2359,0,,72,52,,,NW,4,,,70,66,,331,0.09,98.4,55.1
POMONA.A,19890417,2359,0.05,,73,51,,,NW,3,,,71,65,,400,0.12,100,47
POMONA.A,19890418,2359,0,,79,42,,,NW,4,,,73,64,,488,0.16,100,44.1
POMONA.A,19890419,2359,0,,81,48,,,W,4,,,74,66,,518,0.18,100,39
POMONA.A,19890420,2359,0,,81,51,,,W,3,,,74,65,,507,0.17,100,25.3
POMONA.A,19890421,2359,0,,73,48,,,NW,4,,,74,67,,479,0.15,100,38.7
POMONA.A,19890422,2359,0,,70,45,,,NW,3,,,73,64,,543,0.17,100,36.8
POMONA.A,19890423,2359,0,,65,42,,,W,4,,,70,62,,474,0.16,100,45.3
POMONA.A,19890424,2359,0,,60,40,,,NW,5,,,69,62,,501,0.16,100,26.3
POMONA.A,19890425,2359,0.15,,65,32,,,NW,4,,,68,59,,494,0.16,100,39.3
POMONA.A,19890426,2359,0.01,,65,36,,,W,4,,,67,60,,662,0.12,100,43
POMONA.A,19890427,2359,0.01,,72,36,,,W,3,,,69,59,,626,0.19,100,28.9
POMONA.A,19890428,2359,0,,78,37,,,W,3,,,71,61,,622,0.21,100,31.8
POMONA.A,19890429,2359,0,,78,39,,,W,3,,,72,61,,591,0.2,100,31.5
POMONA.A,19890430,2359,0,,77,42,,,W,3,,,72,63,,590,0.2,100,16.8
POMONA.A,19890501,2359,0,,76,49,,,SW,4,,,73,63,,637,0.08,100,32
POMONA.A,19890502,2359,0,,79,50,,,SW,3,,,74,64,,628,0.22,100,32.1
POMONA.A,19890503,2359,0,,83,53,,,SW,3,,,76,65,,633,0.22,100,35.7
POMONA.A,19890504,2359,0,,85,54,,,SW,4,,,76,67,,573,0.19,100,40.6
POMONA.A,19890505,2359,0,,83,54,,,SW,4,,,76,69,,541,0.19,99.2,43.7
POMONA.A,19890506,2359,0,,83,57,,,SW,4,,,75,68,,549,0.08,99.6,32.4
POMONA.A,19890507,2359,0,,83,53,,,W,3,,,76,67,,595,0.2,100,35.3
POMONA.A,19890508,2359,0,,84,53,,,SW,4,,,75,67,,595,0.22,100,25.6
POMONA.A,19890509,2359,0,,72,54,,,SW,5,,,74,69,,415,0.05,99.7,60.2
POMONA.A,19890510,2359,0,,61,46,,,SW,6,,,72,68,,252,0.16,100,44.8
POMONA.A,19890511,2359,0,,58,46,,,SW,4,,,68,64,,230,0.07,100,48.5
POMONA.A,19890512,2359,0,,64,49,,,W,3,,,67,63,,466,0.09,100,60
POMONA.A,19890513,2359,0,,56,50,,,SW,5,,,66,64,,285,0.09,96.5,72.3
POMONA.A,19890514,2359,0,,63,50,,,SW,4,,,65,63,,214,0.07,93,66.4
POMONA.A,19890515,2359,0,,59,50,,,W,4,,,65,63,,186,0.05,96.1,77.5
POMONA.A,19890516,2359,0,,70,50,,,SW,4,,,71,63,,457,0.15,99.3,61.1
POMONA.A,19890517,2359,0,,64,50,,,SW,4,,,67,65,,530,0.06,99.1,78
POMONA.A,19890518,2359,0,,70,49,,,W,4,,,68,65,,516,0.12,98.9,53.5
POMONA.A,19890519,2359,0,,77,48,,,SW,3,,,71,63,,627,0.21,100,40.5
POMONA.A,19890520,2359,0,,82,53,,,SW,3,,,72,65,,628,0.23,100,26.9
POMONA.A,19890521,2359,0,,81,53,,,SW,3,,,79,65,,670,0.25,100,27
POMONA.A,19890522,2359,0,,80,52,,,SW,4,,,71,65,,643,0.26,100,16.5
POMONA.A,19890523,2359,0.01,,77,50,,,SW,5,,,69,65,,681,0.25,100,25.1
POMONA.A,19890524,2359,0,,73,48,,,SW,4,,,70,64,,656,0.24,100,26
POMONA.A,19890525,2359,0,,74,49,,,SW,4,,,70,64,,654,0.24,100,37.9
POMONA.A,19890526,2359,0,,80,50,,,SW,4,,,71,65,,656,0.23,100,37.5
POMONA.A,19890527,2359,0,,76,50,,,SW,5,,,71,66,,657,0.21,100,49.1
POMONA.A,19890528,2359,0,,73,49,,,SW,4,,,71,67,,516,0.17,100,44.2
POMONA.A,19890529,2359,0,,71,50,,,SW,4,,,70,67,,559,0.19,100,45.1
POMONA.A,19890530,2359,0,,74,47,,,SW,4,,,71,66,,654,0.22,100,40.1
POMONA.A,19890531,2359,0,,81,49,,,SW,4,,,71,66,,651,0.24,100,30
POMONA.A,19890601,2359,0,,80,49,,,SW,5,,,72,67,,629,0.21,100,43.3
POMONA.A,19890602,2359,0,,75,58,,,SW,6,,,71,68,,527,0,96,87.1
POMONA.A,19890603,2359,0,,65,56,,,SW,4,,,70,67,,538,0.02,97,84.7
POMONA.A,19890604,2359,0,,71,57,,,SW,4,,,69,66,,523,0.1,92.7,63.5
POMONA.A,19890605,2359,0,,74,51,,,SW,5,,,70,66,,531,0.16,95,58.3
POMONA.A,19890606,2359,0,,74,48,,,SW,4,,,71,65,,636,0.19,99,64.9
POMONA.A,19890607,2359,0,,69,51,,,SW,4,,,69,63,,507,0.07,97.9,76
POMONA.A,19890608,2359,0,,78,55,,,SW,4,,,68,61,,548,,95.5,72.2
POMONA.A,19890609,2359,0,,68,60,,,SW,5,,,68,68,,330,,92.5,77.7
POMONA.A,19890610,2359,0,,78,56,,,SW,4,,,68,67,,141,0.01,99.5,87.6
POMONA.A,19890611,2359,0,,77,52,,,SW,3,,,70,66,,482,0.14,99.3,64.6
POMONA.A,19890612,2359,0,,82,49,,,SW,4,,,71,65,,649,0.08,98.1,56.6
POMONA.A,19890613,2359,0,,87,53,,,SW,4,,,73,67,,651,0.21,99.9,54.8
POMONA.A,19890614,2359,0,,91,56,,,SW,4,,,75,68,,642,0.22,99.1,49.9
POMONA.A,19890615,2359,0,,84,57,,,SW,5,,,76,71,,641,0.21,99.8,62.6
POMONA.A,19890616,2359,0,,85,56,,,SW,4,,,75,70,,634,0.21,100,55.4
POMONA.A,19890617,2359,0,,91,55,,,SW,3,,,76,70,,673,0.23,100,38
POMONA.A,19890618,2359,0,,96,56,,,SW,3,,,77,71,,687,0.26,100,31.1
POMONA.A,19890619,2359,0,,95,59,,,SW,3,,,76,71,,549,0.2,91.8,37.1
POMONA.A,19890620,2359,0,,94,58,,,SW,4,,,77,71,,699,0.27,93.4,29.4
POMONA.A,19890621,2359,0,,94,54,,,SW,3,,,76,71,,668,0.24,100,34.3
POMONA.A,19890622,2359,0,,87,55,,,SW,5,,,75,71,,654,0.22,100,50
POMONA.A,19890623,2359,0,,85,56,,,SW,5,,,74,71,,580,0.18,96.5,65.5
POMONA.A,19890624,2359,0,,74,58,,,SW,4,,,73,70,,526,0.16,89.9,62.3
POMONA.A,19890625,2359,0,,80,55,,,SW,4,,,74,70,,576,0.18,100,53.9
POMONA.A,19890626,2359,0,,86,51,,,SW,4,,,74,69,,683,0.22,100,43.5
POMONA.A,19890627,2359,0,,86,51,,,SW,4,,,73,69,,677,0.23,100,40.6
POMONA.A,19890628,2359,0,,83,50,,,W,4,,,73,68,,678,0.22,100,40.9
POMONA.A,19890629,2359,0,,80,49,,,SW,4,,,72,68,,690,0.21,100,52.1
POMONA.A,19890630,2359,0,,83,50,,,SW,4,,,73,67,,685,0.22,100,46.6
POMONA.A,19890701,2359,0,,86,53,,,SW,4,,,73,68,,680,0.23,100,48.9
POMONA.A,19890702,2359,0,,89,54,,,SW,4,,,74,69,,696,0.24,100,43.3
POMONA.A,19890703,2359,0,,94,52,,,SW,3,,,74,69,,643,0.23,100,28.8
POMONA.A,19890704,2359,0,,103,56,,,W,3,,,76,69,,682,0.27,96,10.3
POMONA.A,19890705,2359,0,,95,60,,,SW,4,,,76,71,,653,0.26,98.5,23.5
POMONA.A,19890706,2359,0,,89,52,,,SW,4,,,76,72,,642,0.21,100,52.3
POMONA.A,19890707,2359,0,,88,49,,,SW,4,,,75,72,,558,0.19,100,54.2
POMONA.A,19890708,2359,0,,89,53,,,SW,4,,,76,71,,576,0.19,100,48.3
POMONA.A,19890709,2359,0,,83,55,,,SW,4,,,76,71,,577,0.19,100,60.9
POMONA.A,19890710,2359,0,,82,56,,,SW,4,,,77,71,,609,0.2,100,62
POMONA.A,19890711,2359,0,,81,58,,,SW,5,,,76,71,,617,0.2,100,67.4
POMONA.A,19890712,2359,0,,87,56,,,W,4,,,77,72,,635,0.21,100,59.2
POMONA.A,19890713,2359,0,,89,53,,,SW,4,,,76,70,,655,0.23,100,37.2
POMONA.A,19890714,2359,0,,91,52,,,SW,3,,,76,70,,641,0.23,100,43.4
POMONA.A,19890715,2359,0,,85,52,,,SW,4,,,76,71,,666,0.22,100,59.2
POMONA.A,19890716,2359,0,,85,50,,,SW,4,,,76,71,,669,0.22,100,49.8
POMONA.A,19890717,2359,0,,88,61,,,SW,4,,,76,71,,640,0.22,100,46
POMONA.A,19890718,2359,0,,87,56,,,SW,4,,,76,72,,589,0.2,100,54.5
POMONA.A,19890719,2359,0,,94,57,,,SW,4,,,77,71,,619,0.22,100,45.6
POMONA.A,19890720,2359,0,,94,62,,,SW,4,,,78,73,,608,0.22,99.4,52.8
POMONA.A,19890721,2359,0,,92,59,,,SW,4,,,77,74,,578,0.22,99.5,35.9
POMONA.A,19890722,2359,0,,89,60,,,SW,5,,,77,73,,606,0.21,99.2,55
POMONA.A,19890723,2359,0,,86,59,,,W,4,,,78,73,,625,0.2,100,62
POMONA.A,19890724,2359,0,,84,59,,,SW,4,,,79,73,,604,0.2,99,61.6
POMONA.A,19890725,2359,0,,92,58,,,SW,4,,,78,72,,597,0.2,98.3,53.5
POMONA.A,19890726,2359,0,,90,58,,,SW,3,,,78,72,,611,0.21,98.1,54.6
POMONA.A,19890727,2359,0,,91,58,,,SW,4,,,78,72,,615,0.21,98.3,55
POMONA.A,19890728,2359,0,,92,59,,,SW,4,,,78,73,,602,0.23,98.3,41.3
POMONA.A,19890729,2359,0,,89,55,,,SW,4,,,78,71,,615,0.21,98.9,49.5
POMONA.A,19890730,2359,0,,90,56,,,SW,4,,,78,71,,606,0.21,98.8,36.1
POMONA.A,19890731,2359,0,,88,56,,,SW,4,,,78,71,,625,0.22,99,38.5
POMONA.A,19890801,2359,0,,86,55,,,SW,4,,,78,71,,638,0.22,98.4,42.7
POMONA.A,19890802,2359,0,,87,54,,,SW,4,,,77,71,,632,0.22,99.4,43
POMONA.A,19890803,2359,0,,88,52,,,SW,4,,,77,70,,623,0.22,98.7,42
POMONA.A,19890804,2359,0,,90,52,,,SW,4,,,77,70,,633,0.23,98.1,27.1
POMONA.A,19890805,2359,0,,89,60,,,SW,4,,,77,71,,602,0.23,98.8,26.3
POMONA.A,19890806,2359,0,,90,56,,,SW,4,,,79,73,,605,0.23,98.6,38.4
POMONA.A,19890807,2359,0,,88,59,,,W,4,,,79,73,,536,0.23,88.5,46
POMONA.A,19890808,2359,0,,89,59,,,W,4,,,78,74,,567,0.18,95.5,62.5
POMONA.A,19890809,2359,0,,89,60,,,SW,4,,,78,73,,566,0.19,94.6,60
POMONA.A,19890810,2359,0,,88,61,,,SW,4,,,79,74,,575,0.18,95.7,61.5
POMONA.A,19890811,2359,0,,89,60,,,SW,4,,,79,74,,583,0.2,95.6,57.4
POMONA.A,19890812,2359,0,,90,60,,,SW,4,,,79,73,,595,0.21,95,44.7
POMONA.A,19890813,2359,0,,89,60,,,SW,4,,,79,73,,604,0.23,96.4,34.6
POMONA.A,19890814,2359,0,,88,61,,,SW,4,,,78,71,,608,0.21,99.9,26.3
POMONA.A,19890815,2359,0,,87,60,,,SW,4,,,78,71,,591,0.18,100,47.6
POMONA.A,19890816,2359,0,,84,55,,,SW,4,,,77,71,,600,0.18,100,40.4
POMONA.A,19890817,2359,0,,88,60,,,SW,3,,,76,71,,537,0.16,100,49.4
POMONA.A,19890818,2359,0,,83,56,,,SW,3,,,75,70,,509,0.16,96.8,57.2
POMONA.A,19890819,2359,0,,83,56,,,SW,4,,,75,70,,509,0.16,96.8,55.1
POMONA.A,19890820,2359,0,,77,56,,,SW,4,,,73,70,,413,0.12,96.8,61.2
POMONA.A,19890821,2359,0,,81,55,,,SW,3,,,74,69,,451,0.14,96.5,54.9
POMONA.A,19890822,2359,0,,82,51,,,SW,4,,,74,68,,574,0.18,97.2,55.9
POMONA.A,19890823,2359,0,,78,55,,,SW,4,,,71,61,,410,0.12,96.8,60.3
POMONA.A,19890824,2359,0,,80,57,,,SW,3,,,72,67,,414,0.13,96.8,58.4
POMONA.A,19890825,2359,0,,79,57,,,SW,4,,,72,69,,406,0.12,96.9,58.8
POMONA.A,19890826,2359,0,,81,56,,,SW,4,,,73,69,,494,0.15,96.9,58.8
POMONA.A,19890827,2359,0,,82,53,,,W,3,,,74,68,,552,0.17,97.1,55.1
POMONA.A,19890828,2359,0,,87,47,,,W,3,,,74,68,,550,0.18,97.6,40.5
POMONA.A,19890829,2359,0,,85,47,,,SW,3,,,74,68,,545,0.18,97.5,48.7
POMONA.A,19890830,2359,0,,84,49,,,SW,4,,,74,67,,571,0.18,97.4,44.5
POMONA.A,19890831,2359,0,,86,48,,,SW,3,,,74,67,,547,0.19,97.6,29.8
POMONA.A,19890901,2359,0,,90,50,,,SW,3,,,74,67,,571,0.2,97.6,17.6
POMONA.A,19890902,2359,0,,93,51,,,SW,3,,,75,67,,584,0.21,97.7,12.6
POMONA.A,19890903,2359,0,,93,49,,,SW,3,,,75,67,,567,0.21,97.3,11.6
POMONA.A,19890904,2359,0,,95,48,,,W,3,,,75,68,,560,0.22,97.9,13.2
POMONA.A,19890905,2359,0,,97,57,,,W,3,,,76,69,,546,0.22,95.7,10.7
POMONA.A,19890906,2359,0,,89,53,,,SW,3,,,76,70,,555,0.2,97.5,17.7
POMONA.A,19890907,2359,0,,84,49,,,SW,3,,,74,68,,554,0.19,98,33.1
POMONA.A,19890908,2359,0,,83,48,,,SW,3,,,73,67,,537,0.18,98.2,27.9
POMONA.A,19890909,2359,0,,82,47,,,SW,3,,,73,65,,537,0.17,97.8,36.9
POMONA.A,19890910,2359,0,,81,51,,,SW,3,,,73,67,,475,0.15,97.5,47.6
POMONA.A,19890911,2359,0,,79,52,,,SW,4,,,74,67,,461,0.14,97.2,61.2
POMONA.A,19890912,2359,0,,80,51,,,W,3,,,74,69,,427,0.13,100,52.5
POMONA.A,19890913,2359,0,,91,56,,,W,3,,,74,67,,478,0.18,97.5,42.3
POMONA.A,19890914,2359,0,,101,60,,,NW,3,,,76,69,,504,0.2,97.3,12.8
POMONA.A,19890915,2359,0,,95,58,,,SW,3,,,74,69,,353,0.14,84.3,29.1
POMONA.A,19890916,2359,0,,82,67,,,SW,4,,,74,71,,234,0.07,94.6,65.6
POMONA.A,19890917,2359,0,,74,58,,,W,4,,,73,70,,340,0.09,97.6,58.2
POMONA.A,19890918,2359,0,,72,53,,,W,3,,,71,68,,252,0.06,99.6,71.6
POMONA.A,19890919,2359,0,,69,50,,,W,3,,,70,66,,356,0.09,100,66
POMONA.A,19890920,2359,0.04,,82,48,,,W,3,,,70,64,,499,0.15,100,38.6
POMONA.A,19890921,2359,0,,96,59,,,NE,3,,,73,65,,509,0.19,82.3,20.6
POMONA.A,19890922,2359,0,,99,57,,,SW,3,,,74,66,,480,0.17,98.4,15.6
POMONA.A,19890923,2359,0,,88,55,,,SW,3,,,74,67,,423,0.13,99.8,51.4
POMONA.A,19890924,2359,0,,94,55,,,W,3,,,74,67,,471,0.17,98.9,30.8
POMONA.A,19890925,2359,0,,89,63,,,NE,2,,,73,69,,160,0.04,88.1,43.7
POMONA.A,19890926,2359,0,,94,62,,,SW,3,,,75,69,,432,0.16,90.7,36.7
POMONA.A,19890927,2359,0,,87,61,,,SW,3,,,75,69,,432,0.13,99.7,47.7
POMONA.A,19890928,2359,0,,90,58,,,W,3,,,75,69,,435,0.15,100,29.6
POMONA.A,19890929,2359,0,,88,55,,,SW,3,,,75,69,,449,0.16,98.7,36.4
POMONA.A,19890930,2359,0,,81,52,,,SW,3,,,74,67,,479,0.15,100,39.3
POMONA.A,19891001,2359,0,,79,48,,,SW,4,,,72,66,,467,0.13,100,46.3
POMONA.A,19891002,2359,0,,74,58,,,SW,4,,,73,68,,343,0.1,95.8,62.4
POMONA.A,19891003,2359,0,,75,50,,,SW,3,,,72,66,,450,0.12,100,47.9
POMONA.A,19891004,2359,0,,85,50,,,W,2,,,72,65,,435,0.13,100,28.5
POMONA.A,19891005,2359,0,,81,52,,,SW,4,,,71,64,,442,0.13,99.7,53.7
POMONA.A,19891006,2359,0,,79,52,,,W,3,,,72,66,,378,0.11,99.8,58
POMONA.A,19891007,2359,0,,89,49,,,W,3,,,72,65,,409,0.13,98.4,32.9
POMONA.A,19891008,2359,0,,93,51,,,SW,3,,,73,65,,436,0.14,99,15.6
POMONA.A,19891009,2359,0,,83,53,,,W,3,,,73,69,,391,0.11,99.8,47.6
POMONA.A,19891010,2359,0,,77,48,,,SW,3,,,71,67,,313,0.08,100,61.7
POMONA.A,19891011,2359,0,,82,52,,,W,3,,,72,66,,344,0.1,95.2,54
POMONA.A,19891012,2359,0,,78,51,,,W,3,,,71,67,,267,0.07,92.7,57.7
POMONA.A,19891013,2359,0,,80,52,,,SW,4,,,70,66,,292,0.08,100,65.5
POMONA.A,19891014,2359,0,,80,53,,,SW,3,,,68,67,,125,0.02,100,72.5
POMONA.A,19891015,2359,0,,76,54,,,SW,3,,,69,66,,221,0.05,100,65.3
POMONA.A,19891016,2359,0,,76,53,,,W,2,,,69,63,,390,0.1,100,51
POMONA.A,19891017,2359,0,,78,52,,,W,3,,,69,63,,417,0.13,100,20.2
POMONA.A,19891018,2359,0,,91,56,,,NE,2,,,70,63,,428,0.14,98.6,9.4
POMONA.A,19891019,2359,0,,92,54,,,SW,4,,,70,64,,347,0.14,97.2,10.8
POMONA.A,19891020,2359,0,,74,57,,,SW,3,,,69,67,,202,0.05,95.7,64.7
POMONA.A,19891021,2359,0,,78,53,,,SW,3,,,69,66,,273,0.07,100,67.9
POMONA.A,19891022,2359,0.43,,80,52,,,SW,2,,,69,66,,161,0.02,100,82.6
POMONA.A,19891023,2359,0.04,,80,52,,,SW,3,,,69,66,,320,0.07,100,74.1
POMONA.A,19891024,2359,0,,69,49,,,SW,4,,,68,65,,338,0.08,100,72
POMONA.A,19891025,2359,0.16,,64,49,,,SW,6,,,67,63,,327,0.09,100,46.4
POMONA.A,19891026,2359,0.08,,73,40,,,W,3,,,64,59,,399,0.1,96.9,26.3
POMONA.A,19891027,2359,0,,75,41,,,SW,3,,,63,58,,382,0.1,100,26.6
POMONA.A,19891028,2359,0,,77,37,,,SW,2,,,63,57,,372,0.09,100,26.8
POMONA.A,19891029,2359,0,,78,38,,,S,3,,,61,56,,393,0.12,93.1,12.6
POMONA.A,19891030,2359,0,,80,45,,,E,3,,,60,54,,389,0.13,61.3,12.4
POMONA.A,19891031,2359,0,,78,44,,,SW,2,,,61,55,,360,0.11,69.1,13.7
POMONA.A,19891101,2359,0,,83,47,,,NE,3,,,61,55,,338,0.11,65.3,12.3
POMONA.A,19891102,2359,0,,82,45,,,NE,3,,,61,55,,368,0.12,42.4,12.3
POMONA.A,19891103,2359,0,,83,40,,,NW,3,,,61,54,,381,0.12,46.3,11.8
POMONA.A,19891104,2359,0,,81,37,,,SW,3,,,62,55,,374,0.11,100,12.4
POMONA.A,19891105,2359,0,,71,46,,,SW,3,,,62,56,,348,0.08,100,48.3
POMONA.A,19891106,2359,0,,65,47,,,W,3,,,63,60,,264,0.06,100,61.3
POMONA.A,19891107,2359,0,,65,47,,,W,2,,,63,59,,216,0.04,100,64
POMONA.A,19891108,2359,0,,80,36,,,NW,2,,,62,57,,323,0.09,100,21.7
POMONA.A,19891109,2359,0,,86,46,,,NE,3,,,61,56,,351,0.12,57.1,11.8
POMONA.A,19891110,2359,0,,91,51,,,NE,3,,,61,55,,350,0.12,39.4,10.7
POMONA.A,19891111,2359,0,,83,42,,,NE,2,,,62,56,,323,0.1,99,18
POMONA.A,19891112,2359,0,,76,48,,,SW,3,,,63,58,,296,0.08,99.2,49.2
POMONA.A,19891113,2359,0,,66,45,,,SW,2,,,63,59,,250,0.05,99.4,58.9
POMONA.A,19891114,2359,0,,67,46,,,SW,2,,,62,59,,226,0.05,100,58.9
POMONA.A,19891115,2359,0,,82,50,,,NE,2,,,60,55,,318,0.1,98.1,12.1
POMONA.A,19891116,2359,0,,87,47,,,NE,2,,,60,55,,327,0.1,67.7,10.9
POMONA.A,19891117,2359,0,,78,48,,,NE,3,,,59,54,,308,0.1,91.2,12.8
POMONA.A,19891118,2359,0,,86,47,,,E,3,,,61,55,,335,0.13,55,11
POMONA.A,19891119,2359,0,,87,46,,,NE,2,,,61,55,,332,0.1,43.7,11.2
POMONA.A,19891120,2359,0,,85,49,,,SW,3,,,62,56,,263,0.1,75.6,12.3
POMONA.A,19891121,2359,0,,72,50,,,SW,2,,,61,57,,295,0.07,98.5,31.7
POMONA.A,19891122,2359,0,,72,45,,,W,2,,,60,55,,229,0.05,98.2,42.8
POMONA.A,19891123,2359,0,,68,44,,,SW,2,,,58,55,,143,0.02,97.5,75.9
POMONA.A,19891124,2359,0,,56,44,,,SW,2,,,59,57,,90,0,97.4,78.1
POMONA.A,19891125,2359,0.12,,58,51,,,SW,2,,,60,58,,76,,99,80.2
POMONA.A,19891126,2359,0.39,,62,47,,,E,2,,,61,58,,194,0.03,98.9,67.9
POMONA.A,19891127,2359,0,,74,41,,,NE,2,,,58,54,,304,0.07,97.6,13.7
POMONA.A,19891128,2359,0,,71,32,,,NW,3,,,54,50,,297,0.09,80.9,14.1
POMONA.A,19891129,2359,0,,76,40,,,NE,3,,,53,49,,302,0.1,32,12.9
POMONA.A,19891130,2359,0,,71,37,,,NE,2,,,52,48,,295,0.08,50.8,13.9
POMONA.A,19891201,2359,0,,82,41,,,NE,3,,,53,47,,295,0.09,46.6,12.6
POMONA.A,19891202,2359,0,,80,37,,,NE,3,,,54,48,,309,0.1,44.4,11.8
POMONA.A,19891203,2359,0,,81,40,,,NE,2,,,53,48,,307,0.09,30.3,11.9
POMONA.A,19891204,2359,0,,78,40,,,NE,3,,,53,48,,295,0.09,38,12.2
POMONA.A,19891205,2359,0,,81,39,,,NE,3,,,55,49,,286,0.09,86.5,11.5
POMONA.A,19891206,2359,0,,83,39,,,NE,3,,,55,50,,262,0.09,87.4,12
POMONA.A,19891207,2359,0,,82,43,,,NE,2,,,55,49,,275,0.1,44.8,11.4
POMONA.A,19891208,2359,0,,84,46,,,NE,2,,,54,50,,279,0.09,43.9,11.3
POMONA.A,19891209,2359,0,,75,38,,,NE,2,,,54,50,,260,0.08,80.3,12.9
POMONA.A,19891210,2359,0,,63,34,,,NE,2,,,52,48,,179,0.04,88.6,27.4
POMONA.A,19891211,2359,0,,62,39,,,N,2,,,50,46,,230,0.07,88.9,15.2
POMONA.A,19891212,2359,0,,71,36,,,NE,2,,,49,45,,277,0.08,38.1,13.8
POMONA.A,19891213,2359,0,,70,36,,,NE,2,,,49,45,,155,0.07,33.7,14.3
POMONA.A,19891214,2359,0,,75,39,,,NE,2,,,50,45,,258,0.08,51.7,13.1
POMONA.A,19891215,2359,0,,70,37,,,NE,2,,,51,47,,212,0.07,88,14.4
POMONA.A,19891216,2359,0,,64,32,,,SW,2,,,52,48,,229,0.05,88.2,38.1
POMONA.A,19891217,2359,0,,67,32,,,NE,3,,,52,47,,230,0.06,87.8,24.5
POMONA.A,19891218,2359,0,,62,31,,,SW,3,,,52,48,,204,0.05,88.3,45.6
POMONA.A,19891219,2359,0,,66,36,,,NE,2,,,53,49,,232,0.05,87,23.7
POMONA.A,19891220,2359,0,,68,35,,,NE,3,,,52,48,,220,0.06,87.6,17.9
POMONA.A,19891221,2359,0,,65,36,,,NE,3,,,52,48,,206,0.05,87.6,31.7
POMONA.A,19891222,2359,0,,77,40,,,NE,3,,,52,48,,251,0.08,80,12.8
POMONA.A,19891223,2359,0,,82,43,,,NE,3,,,53,48,,263,0.1,28.3,11.4
POMONA.A,19891224,2359,0,,82,45,,,NE,2,,,54,49,,187,0.07,29.5,12
POMONA.A,19891225,2359,0,,79,44,,,NE,2,,,55,50,,167,0.08,31.3,12.1
POMONA.A,19891226,2359,0,,77,46,,,NE,2,,,55,51,,168,0.07,83.7,12.7
POMONA.A,19891227,2359,0,,64,47,,,SW,3,,,55,51,,201,0.05,86.7,23.2
POMONA.A,19891228,2359,0.14,,55,42,,,SW,2,,,55,53,,87,0.01,87.3,58.4
POMONA.A,19891229,2359,0,,59,40,,,NE,3,,,53,50,,206,0.05,87.1,16.2
POMONA.A,19891230,2359,0,,72,32,,,W,2,,,52,48,,271,0.07,85.7,13.5
POMONA.A,19891231,2359,0,,76,35,,,NE,2,,,52,47,,271,0.07,84.1,13
POMONA.A,19900101,2359,0,,62,36,,,SW,4,,,52,48,,255,0.06,85.5,26.9
POMONA.A,19900102,2359,0.39,,54,39,,,SW,3,,,53,50,,214,0.05,87.4,30.3
POMONA.A,19900103,2359,0,,62,29,,,NE,2,,,50,46,,274,0.06,86,16.5
POMONA.A,19900104,2359,0,,66,30,,,W,2,,,49,45,,273,0.07,83.7,15.2
POMONA.A,19900105,2359,0,,73,33,,,NW,3,,,49,44,,284,0.08,66.9,13.9
POMONA.A,19900106,2359,0,,73,33,,,NE,2,,,50,44,,290,0.07,72,15.4
POMONA.A,19900107,2359,0,,68,37,,,NE,3,,,50,45,,265,0.07,100,32.9
POMONA.A,19900108,2359,0,,69,40,,,NE,2,,,52,47,,248,0.05,100,40.3
POMONA.A,19900109,2359,0,,86,45,,,NE,3,,,54,48,,279,0.08,92.7,20
POMONA.A,19900110,2359,0,,81,56,,,NE,3,,,56,51,,283,0.08,100,21.7
POMONA.A,19900111,2359,0,,78,38,,,NE,3,,,56,51,,260,0.06,100,27.8
POMONA.A,19900112,2359,0.04,,68,38,,,SW,3,,,56,51,,227,0.05,100,57.9
POMONA.A,19900113,2359,0.39,,59,42,,,SW,5,,,57,55,,120,0.05,100,97.3
POMONA.A,19900114,2359,0.24,,58,40,,,W,3,,,57,54,,215,0.05,100,71.6
POMONA.A,19900115,2359,0,,55,41,,,SW,3,,,56,53,,199,0.04,100,71.1
POMONA.A,19900116,2359,0.63,,51,38,,,NE,2,,,53,52,,76,,100,88.5
POMONA.A,19900117,2359,0.16,,56,34,,,NE,3,,,52,50,,247,0.05,100,52.1
POMONA.A,19900118,2359,0,,58,34,,,SW,2,,,52,48,,260,0.05,100,55.5
POMONA.A,19900119,2359,0,,59,33,,,NE,3,,,52,47,,253,0.05,100,52
POMONA.A,19900120,2359,0,,66,33,,,NE,2,,,52,46,,305,0.06,100,29
POMONA.A,19900121,2359,0,,69,31,,,NW,3,,,50,46,,312,0.08,100,18.3
POMONA.A,19900122,2359,0,,78,38,,,NE,2,,,52,46,,323,0.08,71.5,13.8
POMONA.A,19900123,2359,0,,78,39,,,NE,3,,,52,47,,313,0.09,74.6,13.7
POMONA.A,19900124,2359,0,,79,35,,,N,3,,,53,47,,299,0.1,94.3,12.6
POMONA.A,19900125,2359,0,,77,46,,,NE,3,,,53,48,,337,0.12,26.5,12.5
POMONA.A,19900126,2359,0,,73,39,,,NE,3,,,53,48,,287,0.09,98.2,14.6
POMONA.A,19900127,2359,0,,75,37,,,NE,2,,,53,48,,312,0.09,95.1,14.9
POMONA.A,19900128,2359,0,,80,39,,,NE,3,,,53,47,,349,0.1,36.3,12.4
POMONA.A,19900129,2359,0,,73,40,,,NE,3,,,54,47,,341,0.09,98.7,14
POMONA.A,19900130,2359,0.39,,62,33,,,SW,3,,,53,48,,225,0.05,100,55.1
POMONA.A,19900131,2359,0,,63,35,,,SW,3,,,54,50,,324,0.08,100,39.5
POMONA.A,19900201,2359,0.32,,57,40,,,W,6,,,52,50,,339,0.11,100,9.6
POMONA.A,19900202,2359,0,,60,35,,,NE,3,,,52,46,,348,0.11,69.4,20.7
POMONA.A,19900203,2359,0,,63,38,,,NE,3,,,52,46,,302,0.08,100,20.5
POMONA.A,19900204,2359,0.47,,48,36,,,NE,3,,,50,47,,167,0.08,100,92.8
POMONA.A,19900205,2359,0.04,,59,35,,,SW,3,,,51,45,,362,0.53,100,33.8
POMONA.A,19900206,2359,0,,61,41,,,SW,3,,,52,46,,347,0.6,100,34.4
POMONA.A,19900207,2359,0,,55,40,,,SW,2,,,52,48,,188,0.18,100,40.8
POMONA.A,19900208,2359,0,,63,34,,,SW,3,,,53,49,,355,0.09,100,20
POMONA.A,19900209,2359,0,,66,33,,,NE,2,,,52,46,,363,0.08,99.5,26.6
POMONA.A,19900210,2359,0,,74,38,,,W,3,,,54,47,,372,0.1,96.7,17.6
POMONA.A,19900211,2359,0,,79,43,,,W,3,,,56,49,,358,0.11,95.5,16.2
POMONA.A,19900212,2359,0,,64,40,,,SW,4,,,57,52,,313,0.07,97.6,64.4
POMONA.A,19900213,2359,0,,54,40,,,SW,5,,,56,53,,176,0.03,97.7,74
POMONA.A,19900214,2359,0.01,,51,30,,,N,5,,,53,48,,363,0.09,99.8,19
POMONA.A,19900215,2359,0,,54,27,,,SW,3,,,50,44,,379,0.08,98.9,18.6
POMONA.A,19900216,2359,0,,54,32,,,NE,4,,,49,44,,222,0.05,98.8,45
POMONA.A,19900217,2359,2.79,,48,39,,,SW,4,,,49,47,,33,,100,94.6
POMONA.A,19900218,2359,0.74,,47,32,,,SW,4,,,50,48,,170,0.02,100,61.3
POMONA.A,19900219,2359,0,,57,29,,,SW,3,,,51,44,,414,0.08,100,40.4
POMONA.A,19900220,2359,0,,65,30,,,W,3,,,52,45,,390,0.09,100,30.1
POMONA.A,19900221,2359,0,,70,40,,,W,3,,,54,47,,347,0.1,100,21.4
POMONA.A,19900222,2359,0,,81,38,,,SW,3,,,56,48,,415,0.13,96.2,13.9
POMONA.A,19900223,2359,0,,82,44,,,NE,3,,,58,51,,416,0.14,59.3,12.6
POMONA.A,19900224,2359,0,,82,48,,,NE,3,,,59,52,,326,0.11,77.2,13
POMONA.A,19900225,2359,0,,77,47,,,SW,3,,,60,54,,335,0.11,88.9,17.3
POMONA.A,19900226,2359,0,,74,40,,,SW,3,,,60,54,,358,0.11,100,33.1
POMONA.A,19900227,2359,0,,71,36,,,SW,3,,,59,53,,376,0.1,100,44.4
POMONA.A,19900228,2359,0,,71,40,,,SW,3,,,60,55,,334,0.09,100,46.8
POMONA.A,19900301,2359,0,,67,39,,,SW,3,,,59,55,,254,0.05,100,65.3
POMONA.A,19900302,2359,0,,62,50,,,SW,3,,,59,56,,166,0.02,100,80.3
POMONA.A,19900303,2359,0,,61,46,,,SW,3,,,59,56,,166,0.02,100,89.7
POMONA.A,19900304,2359,0,,60,45,,,SW,6,,,60,57,,183,0.03,100,88
POMONA.A,19900305,2359,0,,63,41,,,SW,6,,,59,55,,470,0.13,100,27.9
POMONA.A,19900306,2359,0,,70,38,,,W,3,,,60,52,,466,0.12,100,24.5
POMONA.A,19900307,2359,0,,74,44,,,SW,4,,,61,54,,501,0.13,99.6,31.8
POMONA.A,19900308,2359,0.28,,66,41,,,SW,3,,,60,54,,369,0.1,100,52
POMONA.A,19900309,2359,0,,61,50,,,SW,4,,,59,55,,326,0.09,92.3,54.9
POMONA.A,19900310,2359,0.08,,58,44,,,SW,3,,,57,55,,131,0.03,100,65.6
POMONA.A,19900311,2359,0.08,,57,37,,,SW,5,,,56,54,,307,0.06,100,53
POMONA.A,19900312,2359,0.08,,57,35,,,SW,4,,,55,50,,380,0.08,100,42
POMONA.A,19900313,2359,0,,60,34,,,W,3,,,55,48,,467,0.11,97.6,30.2
POMONA.A,19900314,2359,0,,64,37,,,SW,3,,,57,49,,483,0.13,85.4,34.1
POMONA.A,19900315,2359,0,,76,40,,,NE,3,,,59,50,,495,0.15,78.6,28.7
POMONA.A,19900316,2359,0,,79,43,,,NE,3,,,60,53,,426,0.15,71.8,20.8
POMONA.A,19900317,2359,0,,78,48,,,W,3,,,62,55,,489,0.17,65.7,26.3
POMONA.A,19900318,2359,0,,81,46,,,SW,3,,,64,55,,517,0.17,69.8,30.2
POMONA.A,19900319,2359,0,,84,50,,,W,3,,,65,57,,459,0.15,70.9,26.9
POMONA.A,19900320,2359,0,,87,52,,,NE,3,,,66,60,,410,0.16,69.2,29.2
POMONA.A,19900321,2359,0,,84,51,,,SW,3,,,67,59,,500,0.18,92.6,33.5
POMONA.A,19900322,2359,0,,80,48,,,SW,3,,,67,59,,489,0.16,100,39.8
POMONA.A,19900323,2359,0,,77,48,,,SW,4,,,67,60,,458,0.16,100,45.8
POMONA.A,19900324,2359,0,,71,53,,,SW,4,,,66,61,,377,0.11,100,60.1
POMONA.A,19900325,2359,0,,67,47,,,SW,3,,,65,61,,295,0.08,100,57.8
POMONA.A,19900326,2359,0,,73,45,,,SW,4,,,65,58,,448,0.14,100,48.2
POMONA.A,19900327,2359,0,,60,52,,,SW,4,,,63,61,,178,0.04,94.3,67.3
POMONA.A,19900328,2359,0.04,,55,51,,,SW,3,,,61,58,,44,,100,81.5
POMONA.A,19900329,2359,0,,60,45,,,SW,3,,,60,57,,171,0.04,100,63
POMONA.A,19900330,2359,0,,65,46,,,SW,3,,,63,57,,418,0.12,97.7,56.1
POMONA.A,19900331,2359,0,,68,43,,,SW,4,,,64,57,,521,0.15,100,55.1
POMONA.A,19900401,2359,0,,64,45,,,SW,3,,,62,58,,227,0.05,100,68.2
POMONA.A,19900402,2359,0,,73,45,,,SW,3,,,65,58,,440,0.13,100,43
POMONA.A,19900403,2359,0,,81,50,,,SW,5,,,66,59,,437,0.16,93.6,25.4
POMONA.A,19900404,2359,0.12,,67,55,,,SW,3,,,64,61,,232,0.06,100,70.2
POMONA.A,19900405,2359,0,,67,49,,,SW,3,,,64,61,,242,0.06,100,67.9
POMONA.A,19900406,2359,0,,62,49,,,SW,3,,,63,60,,161,0.03,100,77
POMONA.A,19900407,2359,0,,68,50,,,SW,4,,,65,60,,359,0.1,100,65
POMONA.A,19900408,2359,0,,66,46,,,SW,4,,,64,60,,258,0.06,100,61.8
POMONA.A,19900409,2359,0,,78,44,,,W,3,,,67,57,,586,0.18,100,38
POMONA.A,19900410,2359,0,,85,51,,,W,4,,,69,60,,562,0.21,94.2,23
POMONA.A,19900411,2359,0,,84,54,,,W,4,,,71,66,,445,0.21,79.9,29.5
POMONA.A,19900412,2359,0,,85,49,,,SW,3,,,71,62,,589,0.21,94.3,31.2
POMONA.A,19900413,2359,0,,78,50,,,SW,4,,,71,64,,537,0.17,100,51.1
POMONA.A,19900414,2359,0,,76,55,,,SW,5,,,71,65,,465,0.15,98.9,47.2
POMONA.A,19900415,2359,0,,70,53,,,SW,4,,,70,65,,418,0.13,82.6,48.1
POMONA.A,19900416,2359,0.08,,64,50,,,SW,4,,,67,64,,284,0.06,99.1,62.6
POMONA.A,19900417,2359,0.08,,72,50,,,SW,4,,,67,61,,485,0.13,100,45.1
POMONA.A,19900418,2359,0,,68,51,,,SW,3,,,66,62,,240,0.07,99.4,63.1
POMONA.A,19900419,2359,0,,71,55,,,W,4,,,69,63,,519,0.16,93.6,55.9
POMONA.A,19900420,2359,0,,69,54,,,SW,4,,,68,65,,262,0.08,85.7,61.1
POMONA.A,19900421,2359,0,,72,49,,,SW,3,,,70,63,,521,0.17,99.2,46.5
POMONA.A,19900422,2359,0,,65,48,,,SW,4,,,66,63,,236,0.07,99.1,58.6
POMONA.A,19900423,2359,0.2,,58,53,,,SW,4,,,65,62,,69,,100,84.6
POMONA.A,19900424,2359,0,,71,49,,,SW,4,,,68,60,,608,0.19,100,43.3
POMONA.A,19900425,2359,0,,79,44,,,W,3,,,70,60,,623,0.2,100,36.3
POMONA.A,19900426,2359,0,,82,50,,,SW,4,,,72,62,,624,0.21,99.4,35.3
POMONA.A,19900427,2359,0,,83,51,,,SW,4,,,70,66,,611,0.22,100,35.9
POMONA.A,19900428,2359,0,,75,58,,,SW,5,,,70,66,,559,0.18,98.7,50.8
POMONA.A,19900429,2359,0,,68,56,,,SW,5,,,68,65,,233,0.07,91.3,64.1
POMONA.A,19900430,2359,0.12,,60,49,,,SW,4,,,65,64,,251,0.06,84.9,66.9
POMONA.A,19900501,2359,0,,73,46,,,SW,4,,,66,62,,648,0.2,98.3,41.5
POMONA.A,19900502,2359,0,,72,48,,,SW,4,,,67,62,,635,0.19,100,50.8
POMONA.A,19900503,2359,0,,77,56,,,W,5,,,68,65,,708,0.2,92,47.2
POMONA.A,19900504,2359,0,,94,51,,,SW,3,,,70,64,,676,0.25,100,15.8
POMONA.A,19900505,2359,0,,99,58,,,W,3,,,71,65,,687,0.27,55.6,17.4
POMONA.A,19900506,2359,0,,99,59,,,SW,4,,,72,66,,696,0.29,60.4,17.3
POMONA.A,19900507,2359,0,,81,53,,,SW,4,,,72,67,,659,0.21,91.4,39.6
POMONA.A,19900508,2359,0,,73,56,,,SW,5,,,72,67,,626,0.2,88.4,50.2
POMONA.A,19900509,2359,0,,74,55,,,SW,5,,,71,67,,640,0.21,83.6,44.9
POMONA.A,19900510,2359,0,,65,55,,,SW,5,,,69,66,,324,0.11,78.9,51.4
POMONA.A,19900511,2359,0,,65,50,,,SW,4,,,66,65,,241,0.07,88.3,60.6
POMONA.A,19900512,2359,0,,73,50,,,SW,3,,,68,64,,564,0.17,93.5,49.6
POMONA.A,19900513,2359,0,,75,47,,,SW,3,,,68,64,,491,0.15,100,46.1
POMONA.A,19900514,2359,0,,70,58,,,SW,5,,,67,65,,308,0.1,86,58.5
POMONA.A,19900515,2359,0,,69,50,,,SW,4,,,67,65,,383,0.12,83.1,57.4
POMONA.A,19900516,2359,0,,82,48,,,SW,4,,,69,63,,614,0.2,96.9,36.9
POMONA.A,19900517,2359,0.01,,75,47,,,SW,4,,,69,64,,643,0.2,100,47.9
POMONA.A,19900518,2359,0,,73,48,,,SW,4,,,69,65,,615,0.2,89.2,47.6
POMONA.A,19900519,2359,0,,62,48,,,SW,4,,,67,65,,310,0.09,93.6,56.1
POMONA.A,19900520,2359,0,,72,49,,,SW,4,,,68,64,,575,0.18,88.4,48.9
POMONA.A,19900521,2359,0,,76,47,,,SW,3,,,69,64,,549,0.17,100,48.8
POMONA.A,19900522,2359,0.04,,84,50,,,SW,3,,,70,65,,677,0.23,99.8,36.2
POMONA.A,19900523,2359,0,,79,51,,,SW,5,,,71,66,,653,0.22,97.1,36.2
POMONA.A,19900524,2359,0,,75,49,,,SW,4,,,71,67,,685,0.22,86.5,39.5
POMONA.A,19900525,2359,0.01,,78,46,,,SW,4,,,71,65,,705,0.23,100,35.5
POMONA.A,19900526,2359,0,,73,50,,,SW,4,,,71,66,,653,0.21,100,46.6
POMONA.A,19900527,2359,0.05,,70,48,,,SW,4,,,69,66,,512,0.15,100,54.9
POMONA.A,19900528,2359,1.66,,67,53,,,SW,4,,,68,65,,373,0.1,100,63.4
POMONA.A,19900529,2359,0.01,,66,52,,,W,3,,,66,65,,252,0.06,99.6,63.7
POMONA.A,19900530,2359,0,,70,49,,,SW,4,,,67,64,,398,0.11,100,61.1
POMONA.A,19900531,2359,0,,71,53,,,SW,4,,,68,65,,494,0.16,93.5,53.6
POMONA.A,19900601,2359,0,,76,48,,,W,3,,,69,64,,678,0.21,100,42.9
POMONA.A,19900602,2359,0,,91,53,,,W,3,,,71,65,,713,0.26,86.2,21.2
POMONA.A,19900603,2359,0,,97,55,,,W,3,,,72,67,,726,0.27,66.8,24
POMONA.A,19900604,2359,0,,94,55,,,SW,3,,,74,68,,713,0.26,81.1,29.8
POMONA.A,19900605,2359,0,,88,54,,,SW,4,,,74,69,,705,0.24,100,38.6
POMONA.A,19900606,2359,0,,81,58,,,SW,4,,,74,70,,664,0.21,96.7,53.2
POMONA.A,19900607,2359,0,,87,56,,,SW,3,,,74,70,,632,0.22,100,43.2
POMONA.A,19900608,2359,0,,95,58,,,SW,4,,,75,70,,672,0.24,100,28.7
POMONA.A,19900609,2359,0,,82,63,,,SW,4,,,74,72,,297,0.09,83.4,56.1
POMONA.A,19900610,2359,0,,77,63,,,SW,4,,,72,71,,261,0.07,96.6,66.2
POMONA.A,19900611,2359,0,,81,57,,,SW,4,,,74,70,,628,0.21,100,53.1
POMONA.A,19900612,2359,0,,79,52,,,SW,4,,,74,70,,696,0.22,100,43.5
POMONA.A,19900613,2359,0,,68,53,,,,,,,70,68,,358,,,
POMONA.A,19900614,2359,0,,69,53,,,,,,,70,68,,614,,,
POMONA.A,19900615,2359,0,,81,55,,,,,,,71,68,,580,,,
POMONA.A,19900616,2359,0,,78,48,,,SW,4,,,70,65,,710,0.21,92.2,45.3
POMONA.A,19900617,2359,0,,76,51,,,SW,4,,,71,67,,687,0.21,100,54.7
POMONA.A,19900618,2359,0,,81,55,,,W,4,,,72,69,,627,0.21,96,92.5
POMONA.A,19900619,2359,0,,88,52,,,SW,4,,,73,69,,710,0.25,100,36.2
POMONA.A,19900620,2359,0,,87,61,,,SW,5,,,74,72,,699,0.25,100,58.5
POMONA.A,19900621,2359,0,,85,57,,,SW,4,,,75,71,,640,0.22,99.9,47.7
POMONA.A,19900622,2359,0,,86,56,,,SW,4,,,75,71,,664,0.22,100,40.3
POMONA.A,19900623,2359,0,,92,51,,,SW,3,,,75,71,,709,0.22,97,24.4
POMONA.A,19900624,2359,0,,94,53,,,W,3,,,75,71,,725,0.26,95,24.5
POMONA.A,19900625,2359,0,,98,54,,,SW,4,,,75,71,,706,0.27,79.3,23.7
POMONA.A,19900626,2359,0,,103,61,,,SW,4,,,76,72,,721,0.3,80.8,19.4
POMONA.A,19900627,2359,0,,101,71,,,,,,,72,69,,706,,,
POMONA.A,19900628,2359,0,,93,66,,,,,,,72,69,,652,0.26,,
POMONA.A,19900629,2359,0,,86,57,,,,,,,72,70,,649,0.27,,
POMONA.A,19900630,2359,0,,90,64,,,,,,,72,70,,639,0.28,,
POMONA.A,19900701,2359,0,,91,59,,,SW,4,,,76,73,,706,0.26,100,31.5
POMONA.A,19900702,2359,0,,87,61,,,SW,4,,,77,74,,680,0.25,87.9,36.2
POMONA.A,19900703,2359,0,,87,55,,,SW,4,,,77,73,,705,0.25,100,31.5
POMONA.A,19900704,2359,0,,89,54,,,W,3,,,76,72,,707,0.25,100,32.7
POMONA.A,19900705,2359,0,,88,61,,,,,,,73,70,,707,,,
POMONA.A,19900706,2359,0,,89,56,,,SW,4,,,76,72,,701,0.25,89,42.4
POMONA.A,19900707,2359,0,,83,59,,,SW,5,,,77,73,,674,0.22,100,53.7
POMONA.A,19900708,2359,0,,80,58,,,SW,5,,,76,74,,642,0.21,88.7,58.1
POMONA.A,19900709,2359,0,,90,56,,,W,4,,,77,73,,661,0.23,99.2,45.8
POMONA.A,19900710,2359,0,,96,66,,,,,,,73,71,,631,,,
POMONA.A,19900711,2359,0.01,,96,73,,,,,,,73,71,,662,,,
POMONA.A,19900712,2359,0,,96,71,,,,,,,73,71,,590,,,
POMONA.A,19900713,2359,0,,97,72,,,,,,,73,71,,660,,,
POMONA.A,19900714,2359,0,,92,67,,,,,,,73,71,,633,,,
POMONA.A,19900715,2359,0,,85,63,,,,,,,74,71,,644,,,
POMONA.A,19900716,2359,0,,85,61,,,,,,,74,71,,647,,,
POMONA.A,19900717,2359,0,,86,62,,,,,,,73,71,,635,,,
POMONA.A,19900718,2359,0,,89,63,,,,,,,74,71,,645,,,
POMONA.A,19900719,2359,0,,94,65,,,,,,,73,71,,665,,,
POMONA.A,19900720,2359,0,,92,63,,,,,,,73,71,,681,,,
POMONA.A,19900721,2359,0,,88,63,,,,,,,73,71,,660,,,
POMONA.A,19900722,2359,0,,91,62,,,SW,4,,,78,75,,659,0.22,,
POMONA.A,19900723,2359,0,,91,63,,,W,4,,,78,76,,628,0.22,100,53.4
POMONA.A,19900724,2359,0,,87,63,,,SW,5,,,78,76,,648,0.22,98.4,48.9
POMONA.A,19900725,2359,0,,83,59,,,SW,4,,,77,75,,544,0.18,99.3,54.8
POMONA.A,19900726,2359,0,,84,53,,,,,,,73,71,,657,,,
POMONA.A,19900727,2359,0,,87,58,,,,,,,73,71,,669,,,
POMONA.A,19900728,2359,0,,87,58,,,,,,,73,71,,670,,,
POMONA.A,19900729,2359,0,,90,58,,,,,,,74,72,,674,,,
POMONA.A,19900730,2359,0,,92,58,,,,,,,73,71,,674,,,
POMONA.A,19900731,2359,0,,93,62,,,SW,5,,,75,73,,630,0.19,93.9,39
POMONA.A,19900801,2359,0,,84,56,,,SW,4,,,75,71,,661,0.17,100,47.3
POMONA.A,19900802,2359,0,,84,59,,,SW,4,,,75,72,,618,0.21,100,53
POMONA.A,19900803,2359,0,,82,55,,,,,,,74,72,,584,,,
POMONA.A,19900804,2359,0,,86,55,,,,,,,74,72,,621,,,
POMONA.A,19900805,2359,0,,94,60,,,,,,,74,72,,577,,,
POMONA.A,19900806,2359,0,,95,68,,,SW,5,,,77,74,,605,0.26,78.6,50.4
POMONA.A,19900807,2359,0,,95,68,,,SW,4,,,77,75,,600,0.23,84.3,49.1
POMONA.A,19900808,2359,0,,94,67,,,SW,4,,,77,75,,530,0.19,99.5,48.9
POMONA.A,19900809,2359,0,,89,65,,,W,4,,,77,75,,578,0.2,98.3,54.1
POMONA.A,19900810,2359,0,,91,62,,,,,,,74,72,,602,,,
POMONA.A,19900811,2359,0,,93,66,,,,,,,74,72,,597,,,
POMONA.A,19900812,2359,0,,92,66,,,,,,,74,72,,491,,,
POMONA.A,19900813,2359,0,,82,66,,,SW,5,,,77,75,,528,0.17,98.7,66.9
POMONA.A,19900814,2359,0,,76,66,,,SW,4,,,76,74,,215,0.05,94.7,77.5
POMONA.A,19900815,2359,0,,76,63,,,SW,4,,,74,74,,221,0.05,100,70.5
POMONA.A,19900816,2359,0,,83,60,,,SW,4,,,75,73,,525,0.18,98.5,56.9
POMONA.A,19900817,2359,0,,86,56,,,SW,4,,,75,72,,600,0.2,100,53.3
POMONA.A,19900818,2359,0,,83,58,,,SW,4,,,74,72,,542,0.18,100,57.5
POMONA.A,19900819,2359,0,,81,58,,,SW,4,,,75,73,,522,0.17,96.8,55.3
POMONA.A,19900820,2359,0,,82,57,,,SW,3,,,74,72,,582,0.19,100,45.2
POMONA.A,19900821,2359,0,,85,55,,,SW,3,,,74,71,,603,0.2,100,42.6
POMONA.A,19900822,2359,0,,86,53,,,SW,4,,,74,71,,609,0.2,100,46.2
POMONA.A,19900823,2359,0,,83,56,,,SW,4,,,74,71,,584,0.19,100,56.3
POMONA.A,19900824,2359,0,,79,61,,,SW,4,,,74,72,,488,0.16,91.3,57.8
POMONA.A,19900825,2359,0,,81,57,,,SW,3,,,74,71,,536,0.17,100,53.8
POMONA.A,19900826,2359,0,,82,54,,,W,3,,,74,71,,579,0.19,100,46.5
POMONA.A,19900827,2359,0,,88,53,,,,,,,73,71,,593,,,
POMONA.A,19900828,2359,0,,92,60,,,,,,,73,71,,570,,,
POMONA.A,19900829,2359,0,,90,63,,,,,,,73,70,,558,,,
POMONA.A,19900830,2359,0,,86,59,,,,,,,72,69,,548,,,
POMONA.A,19900831,2359,0,,85,58,,,,,,,73,71,,544,,,
POMONA.A,19900901,2359,0,,86,58,,,,,,,72,70,,553,,,
POMONA.A,19900902,2359,0,,86,62,,,,,,,72,70,,541,,,
POMONA.A,19900903,2359,0,,90,62,,,,,,,72,70,,558,,,
POMONA.A,19900904,2359,0,,92,68,,,,,,,72,70,,532,,,
POMONA.A,19900905,2359,0,,90,61,,,,,,,72,71,,488,,,
POMONA.A,19900906,2359,0,,94,62,,,SW,3,,,74,71,,549,0.19,73.7,47.8
POMONA.A,19900907,2359,0,,97,61,,,W,3,,,74,71,,550,0.23,,
POMONA.A,19900908,2359,0,,95,62,,,,,,,72,70,,540,,,
POMONA.A,19900909,2359,0,,100,61,,,SW,3,,,74,72,,567,0.23,69.4,24.7
POMONA.A,19900910,2359,0,,98,66,,,,,,,72,70,,567,,,
POMONA.A,19900911,2359,0,,98,65,,,,,,,71,70,,554,,,
POMONA.A,19900912,2359,0,,98,59,,,SW,3,,,73,71,,568,0.22,90.2,23.4
POMONA.A,19900913,2359,0,,91,59,,,SW,3,,,73,71,,523,0.2,91.3,20.1
POMONA.A,19900914,2359,0,,90,62,,,SW,3,,,74,71,,497,0.19,93.1,31.5
POMONA.A,19900915,2359,0,,88,56,,,SW,3,,,73,71,,522,0.18,95.5,33.4
POMONA.A,19900916,2359,0,,84,50,,,SW,3,,,72,69,,554,0.17,96.3,36.2
POMONA.A,19900917,2359,0,,82,59,,,SW,4,,,72,70,,455,0.15,94.6,27.3
POMONA.A,19900918,2359,0,,76,58,,,SW,3,,,71,70,,339,0.1,77.3,42.7
POMONA.A,19900919,2359,0,,73,59,,,SW,4,,,71,70,,202,0.06,77.6,53.8
POMONA.A,19900920,2359,0,,77,64,,,SW,5,,,71,70,,352,0.12,78.2,52.4
POMONA.A,19900921,2359,0,,78,58,,,SW,4,,,71,70,,422,0.15,77.7,44.9
POMONA.A,19900922,2359,0,,80,55,,,SW,4,,,71,69,,453,0.16,89.8,45.9
POMONA.A,19900923,2359,0,,79,57,,,SW,3,,,70,67,,419,0.14,92.1,46.8
POMONA.A,19900924,2359,0,,81,55,,,SW,3,,,70,68,,471,0.15,94.6,47.2
POMONA.A,19900925,2359,0,,84,54,,,W,3,,,70,68,,481,0.16,91.9,38.8
POMONA.A,19900926,2359,0,,80,54,,,SW,3,,,69,68,,371,0.11,94,47.7
POMONA.A,19900927,2359,0,,77,51,,,SW,3,,,69,67,,464,0.14,91.5,54.5
POMONA.A,19900928,2359,0,,78,59,,,SW,4,,,70,68,,408,0.13,84.1,55.8
POMONA.A,19900929,2359,0,,80,55,,,NW,3,,,69,68,,283,0.08,85.6,50.8
POMONA.A,19900930,2359,0,,89,55,,,W,3,,,70,68,,468,0.16,88.2,44.1
POMONA.A,19901001,2359,0,,82,59,,,SW,4,,,70,69,,383,0.13,89.5,35.6
POMONA.A,19901002,2359,0.16,,72,60,,,SW,3,,,70,69,,117,0.03,83.8,59.5
POMONA.A,19901003,2359,0,,87,58,,,SW,3,,,71,69,,409,0.14,90.1,38.8
POMONA.A,19901004,2359,0,,96,59,,,W,3,,,71,69,,448,0.17,80,15.3
POMONA.A,19901005,2359,0,,88,57,,,W,3,,,71,69,,435,0.15,88.1,24.5
POMONA.A,19901006,2359,0,,77,53,,,SW,3,,,70,68,,416,0.12,92.4,53.1
POMONA.A,19901007,2359,0,,75,54,,,SW,3,,,70,68,,300,0.09,87,52.8
POMONA.A,19901008,2359,0,,90,52,,,NE,3,,,69,67,,465,0.16,88.1,4.9
POMONA.A,19901009,2359,0,,92,51,,,SE,3,,,67,65,,473,0.18,46.5,8.7
POMONA.A,19901010,2359,0,,91,50,,,SW,3,,,67,64,,457,0.17,51,13.4
POMONA.A,19901011,2359,0,,86,51,,,SW,3,,,66,63,,435,0.16,74.8,14.9
POMONA.A,19901012,2359,0,,87,48,,,W,3,,,66,63,,404,0.14,86.4,25.9
POMONA.A,19901013,2359,0,,80,47,,,SW,3,,,66,63,,393,0.13,89.8,36.9
POMONA.A,19901014,2359,0,,79,55,,,SW,3,,,66,64,,359,0.11,93.9,45.6
POMONA.A,19901015,2359,0,,78,54,,,SW,3,,,67,65,,287,0.08,88.4,54
POMONA.A,19901016,2359,0,,77,54,,,SW,3,,,67,65,,230,0.06,88.8,54.1
POMONA.A,19901017,2359,0,,80,57,,,SW,3,,,67,65,,335,0.11,89.2,48.9
POMONA.A,19901018,2359,0,,80,55,,,W,4,,,67,65,,326,0.11,80.1,57.2
POMONA.A,19901019,2359,0.04,,73,52,,,SW,4,,,67,66,,268,0.08,83.2,62.3
POMONA.A,19901020,2359,0,,81,48,,,W,2,,,66,64,,397,0.12,81.6,3.8
POMONA.A,19901021,2359,0,,85,44,,,N,3,,,65,63,,405,0.12,,
POMONA.A,19901022,2359,0,,88,50,,,NE,3,,,64,62,,391,0.09,,
POMONA.A,19901023,2359,0,,91,53,,,NE,3,,,64,61,,388,0.15,,
POMONA.A,19901024,2359,0,,96,55,,,NE,2,,,64,62,,389,0.14,,
POMONA.A,19901025,2359,0,,94,55,,,NE,3,,,65,62,,377,0.13,,
POMONA.A,19901026,2359,0,,89,54,,,NE,3,,,64,62,,357,0.13,,
POMONA.A,19901027,2359,0,,88,53,,,N,3,,,64,62,,351,0.12,,
POMONA.A,19901028,2359,0,,86,52,,,NE,3,,,64,61,,345,0.11,,
POMONA.A,19901029,2359,0,,86,52,,,SW,3,,,64,61,,335,0.11,85.2,21.3
POMONA.A,19901030,2359,0,,81,53,,,SW,3,,,63,61,,352,0.11,85.9,24.9
POMONA.A,19901031,2359,0,,74,48,,,SW,3,,,63,61,,347,0.09,87.1,50.6
POMONA.A,19901101,2359,0,,70,46,,,SW,3,,,63,61,,291,0.08,82.9,57
POMONA.A,19901102,2359,0,,71,42,,,N,3,,,61,59,,348,0.11,83.8,16.2
POMONA.A,19901103,2359,0,,68,41,,,W,3,,,60,57,,344,0.11,72.3,17.2
POMONA.A,19901104,2359,0,,78,39,,,NE,3,,,59,56,,351,0.11,70.3,13.3
POMONA.A,19901105,2359,0,,74,46,,,SW,3,,,59,56,,320,0.1,78.1,28.3
POMONA.A,19901106,2359,0,,66,52,,,NE,8,,,59,58,,339,0.13,79.9,9.9
POMONA.A,19901107,2359,0,,70,41,,,SW,4,,,58,56,,347,0.12,55.5,14.2
POMONA.A,19901108,2359,0,,76,39,,,NE,3,,,58,55,,336,0.1,,
POMONA.A,19901109,2359,0,,86,49,,,N,3,,,59,56,,342,0.1,,
POMONA.A,19901110,2359,0,,89,50,,,NE,2,,,59,56,,343,0.11,66,20.9
POMONA.A,19901111,2359,0,,87,51,,,NE,2,,,59,57,,279,0.1,62.9,8
POMONA.A,19901112,2359,0,,89,53,,,NE,3,,,60,58,,325,0.11,65.7,9.5
POMONA.A,19901113,2359,0,,87,52,,,SW,3,,,60,58,,317,0.12,71.5,14.9
POMONA.A,19901114,2359,0,,75,47,,,SW,3,,,60,57,,292,0.09,,
POMONA.A,19901115,2359,0,,75,50,,,NE,2,,,60,57,,247,0.06,96.2,44.6
POMONA.A,19901116,2359,0,,80,47,,,W,2,,,60,57,,223,0.05,97.9,23.4
POMONA.A,19901117,2359,0,,70,49,,,SW,2,,,60,58,,237,0.06,95.3,51.4
POMONA.A,19901118,2359,0,,68,47,,,NE,2,,,60,58,,195,0.04,95.9,69.3
POMONA.A,19901119,2359,0.2,,63,47,,,SW,2,,,59,58,,94,0.01,96.4,78
POMONA.A,19901120,2359,0.08,,66,47,,,SW,3,,,60,58,,264,0.05,100,45.6
POMONA.A,19901121,2359,0,,64,43,,,W,2,,,59,57,,275,0.05,100,62.6
POMONA.A,19901122,2359,0,,76,41,,,NE,2,,,58,55,,312,0.07,99.4,32.3
POMONA.A,19901123,2359,0,,83,43,,,NE,3,,,58,55,,317,0.1,,
POMONA.A,19901124,2359,0,,79,42,,,NE,3,,,58,55,,305,0.09,84,15.7
POMONA.A,19901125,2359,0,,71,44,,,SW,4,,,58,55,,292,0.08,,
POMONA.A,19901126,2359,0.12,,59,42,,,W,6,,,57,55,,302,0.09,,
POMONA.A,19901127,2359,0,,65,36,,,NE,2,,,55,53,,286,0.08,,
POMONA.A,19901128,2359,0,,74,39,,,N,3,,,54,52,,290,0.09,75.6,9.2
POMONA.A,19901129,2359,0,,77,47,,,NE,3,,,54,52,,287,0.09,48.7,19.9
POMONA.A,19901130,2359,0,,72,43,,,NE,2,,,54,52,,253,0.07,85.6,27.6
POMONA.A,19901201,2359,0,,73,42,,,NE,3,,,54,52,,273,0.07,77.4,27.5
POMONA.A,19901202,2359,0,,77,39,,,N,3,,,54,51,,285,0.1,74.8,14.4
POMONA.A,19901203,2359,0,,78,43,,,NE,3,,,54,51,,278,0.1,40.6,14.7
POMONA.A,19901204,2359,0,,77,47,,,NE,2,,,54,51,,270,0.09,50.9,24.2
POMONA.A,19901205,2359,0,,77,42,,,NE,2,,,53,51,,220,0.07,78.2,26.8
POMONA.A,19901206,2359,0,,80,50,,,NE,2,,,53,51,,287,0.07,75.7,10.5
POMONA.A,19901207,2359,0,,78,47,,,NE,3,,,53,51,,249,0.09,30.3,10.5
POMONA.A,19901208,2359,0,,83,41,,,NE,3,,,53,51,,283,0.1,39.3,7.5
POMONA.A,19901209,2359,0,,80,42,,,NE,2,,,53,51,,282,0.08,57.7,11.2
POMONA.A,19901210,2359,0,,77,43,,,NE,3,,,53,51,,270,0.09,54.8,13.8
POMONA.A,19901211,2359,0,,73,45,,,SW,3,,,53,51,,209,0.07,76.3,19
POMONA.A,19901212,2359,0.08,,58,48,,,NE,2,,,54,53,,35,0,85.1,23
POMONA.A,19901213,2359,0,,59,44,,,SW,3,,,54,53,,119,0.03,87.8,42.1
POMONA.A,19901214,2359,0,,63,40,,,NE,2,,,53,52,,247,0.05,82.5,31.5
POMONA.A,19901215,2359,0,,60,36,,,W,3,,,52,51,,229,0.05,83.5,51.5
POMONA.A,19901216,2359,0,,58,36,,,SW,2,,,52,50,,271,0.05,85.4,38.7
POMONA.A,19901217,2359,0,,61,34,,,NE,2,,,51,49,,260,0.06,82.4,37.4
POMONA.A,19901218,2359,0,,60,38,,,NE,3,,,51,49,,240,0.05,83.7,43.6
POMONA.A,19901219,2359,0,,58,41,,,W,6,,,51,50,,171,0.05,84.5,58.2
POMONA.A,19901220,2359,0,,53,31,,,W,6,,,51,49,,248,0.09,75.5,11.9
POMONA.A,19901221,2359,0,,48,29,,,SW,3,,,49,47,,191,0.06,44.8,23
POMONA.A,19901222,2359,0,,49,24,,,NE,2,,,47,45,,268,0.06,,
POMONA.A,19901223,2359,0,,52,28,,,SE,4,,,45,43,,251,0.08,,
POMONA.A,19901224,2359,0,,61,35,,,NE,4,,,46,44,,268,0.09,,
POMONA.A,19901225,2359,0,,66,37,,,NE,3,,,46,44,,270,0.08,,
POMONA.A,19901226,2359,0,,67,34,,,NE,3,,,47,44,,260,0.08,,
POMONA.A,19901227,2359,0,,67,37,,,NE,3,,,47,45,,206,0.07,,
POMONA.A,19901228,2359,0,,62,38,,,NE,3,,,47,45,,249,0.08,,
POMONA.A,19901229,2359,0,,58,37,,,SW,3,,,48,46,,190,0.05,,
POMONA.A,19901230,2359,0,,63,33,,,NE,3,,,47,45,,269,0.07,,
POMONA.A,19901231,2359,0,,69,36,,,NE,3,,,47,45,,268,0.06,,
